	Factor	R2.adj	Df	AIC	F	Pr(>F)
0	+ sample_type	0.16997316266987	2.0	5952.99683681359	97.14439661256229	0.002
1	+ metadata_abx	0.094643073497859	1.0	5840.19159478668	121.590889939738	0.002
2	+ age	0.04302177913420202	1.0	5784.52023103687	59.160898970670395	0.002
3	+ qiita_study_id	0.015944937469003995	1.0	5763.61320017328	23.0404266029532	0.002
4	+ delivery_mode	0.013843789715411947	1.0	5745.1682687760795	20.514978466206	0.002
5	<All variables>	0.0012066357740779798				
