	Factor	R2.adj	Df	AIC	F	Pr(>F)
0	+ delivery_mode	0.141340900642771	1.0	1595.2076602330098	50.0527479684028	0.002
1	+ metadata_abx	0.07786940830195799	1.0	1567.7744476177697	30.6202863980238	0.002
2	+ age	0.041512129964901	1.0	1552.42751728684	17.6210786263922	0.002
3	+ randomization	0.013254539654794006	2.0	1548.9840726779198	3.69281350778151	0.002
4	+ qiita_study_id	0.006124186533017051	1.0	1547.42901172022	3.4925539078239	0.022000000000000002
5	<All variables>	0.0				
