	R2.adj	Df	AIC	F	Pr(>F)
+ delivery_mode	0.141340900642771	1	1595.20766023301	50.0527479684028	0.002
+ metadata_abx	0.219210308944729	1	1567.77444761777	30.6202863980238	0.002
+ age	0.26072243890963	1	1552.42751728684	17.6210786263922	0.002
+ randomization	0.273976978564424	2	1548.98407267792	3.69281350778151	0.002
+ qiita_study_id	0.280101165097441	1	1547.42901172022	3.4925539078239	0.022
<All variables>	0.280101165097441	NA	NA	NA	NA
